{
    "initial_params": {
        "_type": "matrix",
        "_size": [
            50
        ],
        "_complex": false,
        "_data": [
            0.35174595256409313,
            0.3628261111983279,
            0.34560703998612946,
            0.3656802872830295,
            0.3759742550420194,
            0.3649092922912141,
            0.3777988635013166,
            0.37076188377711955,
            0.3820130033440022,
            0.37899421149158025,
            0.3691848776441323,
            0.36953924951282263,
            0.36630728919052613,
            0.3669288473595892,
            0.36321333559957175,
            0.3219125618742212,
            0.3174214870111733,
            0.31531697199337394,
            0.3259007170412077,
            0.3645144265888593,
            0.38258037723949717,
            0.3515429706668992,
            0.3346843663679849,
            0.3163489977374387,
            0.3270576441218896,
            0.37016644894555784,
            0.3789461099124824,
            0.3309549279028793,
            0.31563537206577197,
            0.3606933521161939,
            0.3740415612492995,
            0.3383528993660832,
            0.3270345692605148,
            0.33498872263658513,
            0.3307261015199907,
            0.3646473335314134,
            0.36849377471569494,
            0.3623509270613162,
            0.3643592921179231,
            0.34695802703455497,
            0.37193067628599413,
            0.33572885298909516,
            0.34615373696173085,
            0.32796502644824566,
            0.3287898521980415,
            0.33666117337153706,
            0.33535482606325373,
            0.34860623845750854,
            0.32648309489935845,
            0.3340387011367309
        ]
    }
}